AGS5;AGS;AGS-Bezeichnung;WZ3;WZ1-Code;WZ2-Code;WZ3-CodeNeu;WZ3-Code;WZ3-Name;insgesamt;SvB_0_bis_9;SvB_10_bis_49;SvB_50_bis_249;SvB_250_und_mehr
12051;12051000;Brandenburg an der Havel,Stadt;52.1 Lagerei;H;52;WZ3-52-1;52.1;Lagerei;1;1;0;0;0
12053;12053000;Frankfurt(Oder),Stadt;52.1 Lagerei;H;52;WZ3-52-1;52.1;Lagerei;2;1;0;1;0
12054;12054000;Potsdam,Stadt;52.1 Lagerei;H;52;WZ3-52-1;52.1;Lagerei;7;4;3;0;0
12060;12060005;Ahrensfelde;52.1 Lagerei;H;52;WZ3-52-1;52.1;Lagerei;1;0;1;0;0
12060;12060034;Breydin;52.1 Lagerei;H;52;WZ3-52-1;52.1;Lagerei;1;1;0;0;0
12060;12060052;Eberswalde, Stadt;52.1 Lagerei;H;52;WZ3-52-1;52.1;Lagerei;3;3;0;0;0
12060;12060269;Wandlitz;52.1 Lagerei;H;52;WZ3-52-1;52.1;Lagerei;1;1;0;0;0
12060;12060280;Werneuchen,Stadt;52.1 Lagerei;H;52;WZ3-52-1;52.1;Lagerei;3;2;1;0;0
12061;12061260;Königs Wusterhausen,Stadt;52.1 Lagerei;H;52;WZ3-52-1;52.1;Lagerei;4;3;1;0;0
12061;12061265;Krausnick-Groß Wasserburg;52.1 Lagerei;H;52;WZ3-52-1;52.1;Lagerei;1;1;0;0;0
12061;12061433;Schönefeld;52.1 Lagerei;H;52;WZ3-52-1;52.1;Lagerei;1;0;1;0;0
12061;12061444;Schulzendorf;52.1 Lagerei;H;52;WZ3-52-1;52.1;Lagerei;1;1;0;0;0
12061;12061540;Wildau;52.1 Lagerei;H;52;WZ3-52-1;52.1;Lagerei;1;0;1;0;0
12061;12061572;Zeuthen;52.1 Lagerei;H;52;WZ3-52-1;52.1;Lagerei;1;1;0;0;0
12063;12063036;Brieselang;52.1 Lagerei;H;52;WZ3-52-1;52.1;Lagerei;3;2;0;1;0
12063;12063134;Havelaue;52.1 Lagerei;H;52;WZ3-52-1;52.1;Lagerei;1;1;0;0;0
12063;12063208;Nauen,Stadt;52.1 Lagerei;H;52;WZ3-52-1;52.1;Lagerei;1;0;1;0;0
12063;12063252;Rathenow,Stadt;52.1 Lagerei;H;52;WZ3-52-1;52.1;Lagerei;1;1;0;0;0
12063;12063260;Rhinow,Stadt;52.1 Lagerei;H;52;WZ3-52-1;52.1;Lagerei;1;1;0;0;0
12063;12063293;Stechow-Ferchesar;52.1 Lagerei;H;52;WZ3-52-1;52.1;Lagerei;1;1;0;0;0
12063;12063357;Wustermark;52.1 Lagerei;H;52;WZ3-52-1;52.1;Lagerei;3;2;0;1;0
12064;12064029;Altlandsberg,Stadt;52.1 Lagerei;H;52;WZ3-52-1;52.1;Lagerei;1;0;0;0;1
12064;12064044;Bad Freienwalde (Oder),Stadt;52.1 Lagerei;H;52;WZ3-52-1;52.1;Lagerei;1;1;0;0;0
12064;12064227;Hoppegarten;52.1 Lagerei;H;52;WZ3-52-1;52.1;Lagerei;2;2;0;0;0
12064;12064380;Petershagen/Eggersdorf;52.1 Lagerei;H;52;WZ3-52-1;52.1;Lagerei;1;1;0;0;0
12065;12065100;Gransee,Stadt;52.1 Lagerei;H;52;WZ3-52-1;52.1;Lagerei;1;1;0;0;0
12065;12065225;Mühlenbecker Land;52.1 Lagerei;H;52;WZ3-52-1;52.1;Lagerei;1;1;0;0;0
12065;12065256;Oranienburg,Stadt;52.1 Lagerei;H;52;WZ3-52-1;52.1;Lagerei;2;0;1;0;1
12065;12065332;Velten,Stadt;52.1 Lagerei;H;52;WZ3-52-1;52.1;Lagerei;3;2;1;0;0
12066;12066112;Großräschen,Stadt;52.1 Lagerei;H;52;WZ3-52-1;52.1;Lagerei;1;1;0;0;0
12067;12067036;Beeskow,Stadt;52.1 Lagerei;H;52;WZ3-52-1;52.1;Lagerei;1;0;0;1;0
12067;12067120;Eisenhüttenstadt, Stadt;52.1 Lagerei;H;52;WZ3-52-1;52.1;Lagerei;2;1;1;0;0
12067;12067144;Fürstenwalde/Spree,Stadt;52.1 Lagerei;H;52;WZ3-52-1;52.1;Lagerei;1;0;1;0;0
12067;12067201;Grünheide(Mark);52.1 Lagerei;H;52;WZ3-52-1;52.1;Lagerei;1;0;1;0;0
12067;12067237;Jacobsdorf;52.1 Lagerei;H;52;WZ3-52-1;52.1;Lagerei;1;0;1;0;0
12067;12067440;Schöneiche bei Berlin;52.1 Lagerei;H;52;WZ3-52-1;52.1;Lagerei;1;1;0;0;0
12067;12067473;Steinhöfel;52.1 Lagerei;H;52;WZ3-52-1;52.1;Lagerei;2;2;0;0;0
12067;12067481;Storkow(Mark),Stadt;52.1 Lagerei;H;52;WZ3-52-1;52.1;Lagerei;1;1;0;0;0
12068;12068264;Kyritz,Stadt;52.1 Lagerei;H;52;WZ3-52-1;52.1;Lagerei;1;0;1;0;0
12068;12068324;Neustadt (Dosse),Stadt;52.1 Lagerei;H;52;WZ3-52-1;52.1;Lagerei;1;1;0;0;0
12068;12068468;Wittstock/Dosse,Stadt;52.1 Lagerei;H;52;WZ3-52-1;52.1;Lagerei;1;1;0;0;0
12069;12069249;GroßKreutz(Havel);52.1 Lagerei;H;52;WZ3-52-1;52.1;Lagerei;1;1;0;0;0
12069;12069448;Niemegk,Stadt;52.1 Lagerei;H;52;WZ3-52-1;52.1;Lagerei;1;1;0;0;0
12069;12069604;Stahnsdorf;52.1 Lagerei;H;52;WZ3-52-1;52.1;Lagerei;1;1;0;0;0
12069;12069616;Teltow,Stadt;52.1 Lagerei;H;52;WZ3-52-1;52.1;Lagerei;1;1;0;0;0
12069;12069656;Werder(Havel),Stadt;52.1 Lagerei;H;52;WZ3-52-1;52.1;Lagerei;5;2;2;1;0
12069;12069665;Wiesenburg/Mark;52.1 Lagerei;H;52;WZ3-52-1;52.1;Lagerei;1;1;0;0;0
12069;12069696;Ziesar,Stadt;52.1 Lagerei;H;52;WZ3-52-1;52.1;Lagerei;1;1;0;0;0
12070;12070296;Perleberg,Stadt;52.1 Lagerei;H;52;WZ3-52-1;52.1;Lagerei;1;0;1;0;0
12070;12070316;Pritzwalk,Stadt;52.1 Lagerei;H;52;WZ3-52-1;52.1;Lagerei;2;2;0;0;0
12070;12070424;Wittenberge,Stadt;52.1 Lagerei;H;52;WZ3-52-1;52.1;Lagerei;1;1;0;0;0
12071;12071244;Kolkwitz;52.1 Lagerei;H;52;WZ3-52-1;52.1;Lagerei;1;1;0;0;0
12071;12071408;Welzow,Stadt;52.1 Lagerei;H;52;WZ3-52-1;52.1;Lagerei;1;1;0;0;0
12072;12072002;Am Mellensee;52.1 Lagerei;H;52;WZ3-52-1;52.1;Lagerei;1;0;1;0;0
12072;12072017;Blankenfelde-Mahlow;52.1 Lagerei;H;52;WZ3-52-1;52.1;Lagerei;1;0;1;0;0
12072;12072053;Dahme/Mark,Stadt;52.1 Lagerei;H;52;WZ3-52-1;52.1;Lagerei;1;1;0;0;0
12072;12072120;Großbeeren;52.1 Lagerei;H;52;WZ3-52-1;52.1;Lagerei;8;2;3;2;1
12072;12072240;Ludwigsfelde,Stadt;52.1 Lagerei;H;52;WZ3-52-1;52.1;Lagerei;7;5;0;2;0
12072;12072312;Nuthe-Urstromtal;52.1 Lagerei;H;52;WZ3-52-1;52.1;Lagerei;1;1;0;0;0
12072;12072426;Trebbin,Stadt;52.1 Lagerei;H;52;WZ3-52-1;52.1;Lagerei;1;1;0;0;0
12072;12072477;Zossen,Stadt;52.1 Lagerei;H;52;WZ3-52-1;52.1;Lagerei;1;1;0;0;0
12073;12073093;Carmzow-Wallmow;52.1 Lagerei;H;52;WZ3-52-1;52.1;Lagerei;1;1;0;0;0
12073;12073429;Nordwestuckermark;52.1 Lagerei;H;52;WZ3-52-1;52.1;Lagerei;1;0;1;0;0
12073;12073452;Prenzlau,Stadt;52.1 Lagerei;H;52;WZ3-52-1;52.1;Lagerei;2;2;0;0;0
12073;12073532;Schwedt/Oder,Stadt;52.1 Lagerei;H;52;WZ3-52-1;52.1;Lagerei;1;1;0;0;0
